2025-08-27T20:23:19.761Z,dos_attack,{"active":true,"control_input":0.0,"control_type":"lqr","kpis":{"control_cost":0.0,"overshoot":0.1,"settling_time":3.2,"stability_margin":0.8,"steady_state_error":0.05},"lqr_gains":{"K":[[1.0,0.05,10.0,0.2]],"Q":[[10,0,0,0],[0,1,0,0],[0,0,10,0],[0,0,0,1]],"R":0.1},"plant_state":[0.0,0.0,0.0,0.0],"sampling_period":0.01},{"action_history_size":11,"active_agents":["reflex"],"control_kpis":{"control_cost":0.0,"stability_margin":0.8},"mttr":2.802137897812372,"network_kpis":{"jitter_std":2.9626971327772997,"latency_p95":26.182753974477265,"packet_loss":0.1},"num_recoveries":0,"plant_count":2,"recovery_active":false,"system_health":"NORMAL","system_state":[0.006506478680366301,0.1245578472966401,-0.17019914148581408,0.144218960155297,-0.11552710602779187,0.039771088026222895,-0.001907554929663824,0.1776161201976862,0.1810374856212591,0.16048326539217023]}
2025-08-27T20:23:21.794Z,dos_attack,{"active":true,"control_input":0.0,"control_type":"lqr","kpis":{"control_cost":0.0,"overshoot":0.1,"settling_time":3.2,"stability_margin":0.8,"steady_state_error":0.05},"lqr_gains":{"K":[[1.0,0.05,10.0,0.2]],"Q":[[10,0,0,0],[0,1,0,0],[0,0,10,0],[0,0,0,1]],"R":0.1},"plant_state":[0.0,0.0,0.0,0.0],"sampling_period":0.01},{"action_history_size":11,"active_agents":["reflex"],"control_kpis":{"control_cost":0.0,"stability_margin":0.8},"mttr":2.802137897812372,"network_kpis":{"jitter_std":2.9626971327772997,"latency_p95":26.182753974477265,"packet_loss":0.1},"num_recoveries":0,"plant_count":2,"recovery_active":false,"system_health":"NORMAL","system_state":[0.12595868877170163,0.1437590177417591,0.11047596841941915,-0.012534358075433932,0.047769482121944234,-0.14682826481463018,0.1523846893533783,-0.01174998831872709,0.16414752729728221,0.011468589814402963]}
2025-08-27T20:23:23.838Z,dos_attack,{"active":true,"control_input":0.0,"control_type":"lqr","kpis":{"control_cost":0.0,"overshoot":0.1,"settling_time":3.2,"stability_margin":0.8,"steady_state_error":0.05},"lqr_gains":{"K":[[1.0,0.05,10.0,0.2]],"Q":[[10,0,0,0],[0,1,0,0],[0,0,10,0],[0,0,0,1]],"R":0.1},"plant_state":[0.0,0.0,0.0,0.0],"sampling_period":0.01},{"action_history_size":12,"active_agents":["reflex"],"control_kpis":{"control_cost":0.0,"stability_margin":0.8},"mttr":4.349422087159339,"network_kpis":{"jitter_std":3.171830502783226,"latency_p95":27.518634976886773,"packet_loss":0.1},"num_recoveries":0,"plant_count":2,"recovery_active":false,"system_health":"NORMAL","system_state":[0.1769522370451569,-0.020481391939569715,-0.14624083824981834,0.016211695524498637,-0.08267556803956966,0.04602020689165176,0.13493131799674124,0.04438597449920306,0.18828984168576718,0.02122184539977945]}
2025-08-27T20:23:25.867Z,dos_attack,{"active":true,"control_input":0.0,"control_type":"lqr","kpis":{"control_cost":0.0,"overshoot":0.1,"settling_time":3.2,"stability_margin":0.8,"steady_state_error":0.05},"lqr_gains":{"K":[[1.0,0.05,10.0,0.2]],"Q":[[10,0,0,0],[0,1,0,0],[0,0,10,0],[0,0,0,1]],"R":0.1},"plant_state":[0.0,0.0,0.0,0.0],"sampling_period":0.01},{"action_history_size":13,"active_agents":["reflex"],"control_kpis":{"control_cost":0.0,"stability_margin":0.8},"mttr":4.875589616226238,"network_kpis":{"jitter_std":5.27142614225928,"latency_p95":19.489824390367197,"packet_loss":0.1},"num_recoveries":0,"plant_count":2,"recovery_active":false,"system_health":"NORMAL","system_state":[-0.04491729222883664,0.10388982232623373,0.07074243132952196,0.15230681443985694,0.10125058061078712,0.17079958572986292,0.08869209858780647,-0.09054828035097442,-0.18359766782628886,0.11478831480456558]}
2025-08-27T20:23:27.904Z,dos_attack,{"active":true,"control_input":0.0,"control_type":"lqr","kpis":{"control_cost":0.0,"overshoot":0.1,"settling_time":3.2,"stability_margin":0.8,"steady_state_error":0.05},"lqr_gains":{"K":[[1.0,0.05,10.0,0.2]],"Q":[[10,0,0,0],[0,1,0,0],[0,0,10,0],[0,0,0,1]],"R":0.1},"plant_state":[0.0,0.0,0.0,0.0],"sampling_period":0.01},{"action_history_size":13,"active_agents":["reflex"],"control_kpis":{"control_cost":0.0,"stability_margin":0.8},"mttr":4.875589616226238,"network_kpis":{"jitter_std":5.27142614225928,"latency_p95":19.489824390367197,"packet_loss":0.1},"num_recoveries":0,"plant_count":2,"recovery_active":false,"system_health":"NORMAL","system_state":[-0.13955905289615234,0.12162202215418771,0.05716277058855934,0.0545596394878069,-0.06039894645630414,-0.10928404548374969,-0.11315953112057389,0.011333040662299121,-0.19462246746226267,0.11969572443947962]}
2025-08-27T20:23:29.949Z,dos_attack,{"active":true,"control_input":0.0,"control_type":"lqr","kpis":{"control_cost":0.0,"overshoot":0.1,"settling_time":3.2,"stability_margin":0.8,"steady_state_error":0.05},"lqr_gains":{"K":[[1.0,0.05,10.0,0.2]],"Q":[[10,0,0,0],[0,1,0,0],[0,0,10,0],[0,0,0,1]],"R":0.1},"plant_state":[0.0,0.0,0.0,0.0],"sampling_period":0.01},{"action_history_size":14,"active_agents":["reflex"],"control_kpis":{"control_cost":0.0,"stability_margin":0.8},"mttr":1.5488654067149912,"network_kpis":{"jitter_std":7.475968298310991,"latency_p95":16.61586069822098,"packet_loss":0.1},"num_recoveries":0,"plant_count":2,"recovery_active":false,"system_health":"NORMAL","system_state":[0.07698798689792052,0.07830970139945664,-0.008735599988042131,-0.07234797800556977,0.051872528514952554,0.0025585926213554655,-0.10353110291690136,-0.12301386472993579,0.13699446922241315,0.17086476025510616]}
2025-08-27T20:23:31.976Z,dos_attack,{"active":true,"control_input":0.0,"control_type":"lqr","kpis":{"control_cost":0.0,"overshoot":0.1,"settling_time":3.2,"stability_margin":0.8,"steady_state_error":0.05},"lqr_gains":{"K":[[1.0,0.05,10.0,0.2]],"Q":[[10,0,0,0],[0,1,0,0],[0,0,10,0],[0,0,0,1]],"R":0.1},"plant_state":[0.0,0.0,0.0,0.0],"sampling_period":0.01},{"action_history_size":15,"active_agents":["reflex"],"control_kpis":{"control_cost":0.0,"stability_margin":0.8},"mttr":4.063317126462926,"network_kpis":{"jitter_std":7.927291379393751,"latency_p95":17.6735880950536,"packet_loss":0.1},"num_recoveries":0,"plant_count":2,"recovery_active":false,"system_health":"NORMAL","system_state":[0.13594662303023636,0.08702634813912308,-0.1616580177268194,-0.14458435708206419,-0.07161634894072783,-0.0032151721972831504,-0.19394817524496288,0.14639516487338672,-0.1358797760164443,0.0688052071882772]}
2025-08-27T20:23:34.010Z,dos_attack,{"active":true,"control_input":0.0,"control_type":"lqr","kpis":{"control_cost":0.0,"overshoot":0.1,"settling_time":3.2,"stability_margin":0.8,"steady_state_error":0.05},"lqr_gains":{"K":[[1.0,0.05,10.0,0.2]],"Q":[[10,0,0,0],[0,1,0,0],[0,0,10,0],[0,0,0,1]],"R":0.1},"plant_state":[0.0,0.0,0.0,0.0],"sampling_period":0.01},{"action_history_size":15,"active_agents":["reflex"],"control_kpis":{"control_cost":0.0,"stability_margin":0.8},"mttr":4.063317126462926,"network_kpis":{"jitter_std":7.927291379393751,"latency_p95":17.6735880950536,"packet_loss":0.1},"num_recoveries":0,"plant_count":2,"recovery_active":false,"system_health":"NORMAL","system_state":[-0.13117380100263804,-0.13410247652348545,-0.11102765671361002,-0.09407590865599916,-0.13314410576735186,-0.06658483056270176,0.008443759933585093,0.12489385569693273,-0.1731694485001738,-0.16331929645498164]}
2025-08-27T20:23:36.040Z,dos_attack,{"active":true,"control_input":0.0,"control_type":"lqr","kpis":{"control_cost":0.0,"overshoot":0.1,"settling_time":3.2,"stability_margin":0.8,"steady_state_error":0.05},"lqr_gains":{"K":[[1.0,0.05,10.0,0.2]],"Q":[[10,0,0,0],[0,1,0,0],[0,0,10,0],[0,0,0,1]],"R":0.1},"plant_state":[0.0,0.0,0.0,0.0],"sampling_period":0.01},{"action_history_size":16,"active_agents":["reflex"],"control_kpis":{"control_cost":0.0,"stability_margin":0.8},"mttr":4.027850618331772,"network_kpis":{"jitter_std":3.6748943186264302,"latency_p95":28.783280029285883,"packet_loss":0.1},"num_recoveries":0,"plant_count":2,"recovery_active":false,"system_health":"NORMAL","system_state":[-0.14774575226783418,0.1042236793706598,0.03677824221382181,0.1487890091453294,0.18336997790496573,-0.12705082103702753,-0.16642588363227293,0.15432652024066418,-0.023809670572287084,-0.0681770365879256]}
2025-08-27T20:23:38.094Z,dos_attack,{"active":true,"control_input":0.0,"control_type":"lqr","kpis":{"control_cost":0.0,"overshoot":0.1,"settling_time":3.2,"stability_margin":0.8,"steady_state_error":0.05},"lqr_gains":{"K":[[1.0,0.05,10.0,0.2]],"Q":[[10,0,0,0],[0,1,0,0],[0,0,10,0],[0,0,0,1]],"R":0.1},"plant_state":[0.0,0.0,0.0,0.0],"sampling_period":0.01},{"action_history_size":17,"active_agents":["reflex"],"control_kpis":{"control_cost":0.0,"stability_margin":0.8},"mttr":1.6177842564583984,"network_kpis":{"jitter_std":3.9482724576321893,"latency_p95":22.32550253445472,"packet_loss":0.1},"num_recoveries":0,"plant_count":2,"recovery_active":false,"system_health":"NORMAL","system_state":[-0.16865420931726158,-0.018415310114930472,-0.024095625677075905,0.0315312874974453,0.135762211226016,0.10441778444383465,0.10540267301182726,-0.10274852411729879,0.1501687990266436,-0.13132306264273658]}
2025-08-27T20:23:40.151Z,dos_attack,{"active":true,"control_input":0.0,"control_type":"lqr","kpis":{"control_cost":0.0,"overshoot":0.1,"settling_time":3.2,"stability_margin":0.8,"steady_state_error":0.05},"lqr_gains":{"K":[[1.0,0.05,10.0,0.2]],"Q":[[10,0,0,0],[0,1,0,0],[0,0,10,0],[0,0,0,1]],"R":0.1},"plant_state":[0.0,0.0,0.0,0.0],"sampling_period":0.01},{"action_history_size":17,"active_agents":["reflex"],"control_kpis":{"control_cost":0.0,"stability_margin":0.8},"mttr":1.6177842564583984,"network_kpis":{"jitter_std":3.9482724576321893,"latency_p95":22.32550253445472,"packet_loss":0.1},"num_recoveries":0,"plant_count":2,"recovery_active":false,"system_health":"NORMAL","system_state":[-0.08920183249337602,-0.08119898628083876,-0.05395228391340462,-0.12375429679815567,0.14207311350960156,0.0847911394449013,-0.05616414739347883,-0.07972431541291686,-0.15051002745157868,0.0390826101938663]}
2025-08-27T20:23:42.189Z,dos_attack,{"active":true,"control_input":0.0,"control_type":"lqr","kpis":{"control_cost":0.0,"overshoot":0.1,"settling_time":3.2,"stability_margin":0.8,"steady_state_error":0.05},"lqr_gains":{"K":[[1.0,0.05,10.0,0.2]],"Q":[[10,0,0,0],[0,1,0,0],[0,0,10,0],[0,0,0,1]],"R":0.1},"plant_state":[0.0,0.0,0.0,0.0],"sampling_period":0.01},{"action_history_size":18,"active_agents":["reflex"],"control_kpis":{"control_cost":0.0,"stability_margin":0.8},"mttr":3.7593357772160383,"network_kpis":{"jitter_std":5.145131281768842,"latency_p95":26.732515656133423,"packet_loss":0.1},"num_recoveries":0,"plant_count":2,"recovery_active":false,"system_health":"NORMAL","system_state":[-0.18496823732424394,0.13901084686160942,0.19482633786641917,0.028519075786780312,0.11616179408129507,-0.041453119250471376,-0.008945711076672191,-0.04877066196070676,-0.0893913025156742,0.17213935338158248]}
2025-08-27T20:23:44.220Z,dos_attack,{"active":true,"control_input":0.0,"control_type":"lqr","kpis":{"control_cost":0.0,"overshoot":0.1,"settling_time":3.2,"stability_margin":0.8,"steady_state_error":0.05},"lqr_gains":{"K":[[1.0,0.05,10.0,0.2]],"Q":[[10,0,0,0],[0,1,0,0],[0,0,10,0],[0,0,0,1]],"R":0.1},"plant_state":[0.0,0.0,0.0,0.0],"sampling_period":0.01},{"action_history_size":19,"active_agents":["reflex"],"control_kpis":{"control_cost":0.0,"stability_margin":0.8},"mttr":2.8317234676291707,"network_kpis":{"jitter_std":5.158630258258425,"latency_p95":15.506409184369469,"packet_loss":0.1},"num_recoveries":0,"plant_count":2,"recovery_active":false,"system_health":"NORMAL","system_state":[-0.14873180224909227,0.1345674321430716,0.09979458667786878,0.13177996665110725,0.07884222535679347,0.001021018457455114,0.08123096889432169,0.013326177369780146,0.1618690399450513,-0.0040272187389172875]}
2025-08-27T20:23:46.261Z,dos_attack,{"active":true,"control_input":0.0,"control_type":"lqr","kpis":{"control_cost":0.0,"overshoot":0.1,"settling_time":3.2,"stability_margin":0.8,"steady_state_error":0.05},"lqr_gains":{"K":[[1.0,0.05,10.0,0.2]],"Q":[[10,0,0,0],[0,1,0,0],[0,0,10,0],[0,0,0,1]],"R":0.1},"plant_state":[0.0,0.0,0.0,0.0],"sampling_period":0.01},{"action_history_size":19,"active_agents":["reflex"],"control_kpis":{"control_cost":0.0,"stability_margin":0.8},"mttr":2.8317234676291707,"network_kpis":{"jitter_std":5.158630258258425,"latency_p95":15.506409184369469,"packet_loss":0.1},"num_recoveries":0,"plant_count":2,"recovery_active":false,"system_health":"NORMAL","system_state":[-0.12196842023682551,0.15277133747890448,0.10992780848446804,0.13657681992286363,-0.07274162369444809,0.1667086710215892,-0.07108896699667869,-0.026003975016857167,-0.15097087012328825,-0.07809650629561005]}
2025-08-27T20:23:48.308Z,dos_attack,{"active":true,"control_input":0.0,"control_type":"lqr","kpis":{"control_cost":0.0,"overshoot":0.1,"settling_time":3.2,"stability_margin":0.8,"steady_state_error":0.05},"lqr_gains":{"K":[[1.0,0.05,10.0,0.2]],"Q":[[10,0,0,0],[0,1,0,0],[0,0,10,0],[0,0,0,1]],"R":0.1},"plant_state":[0.0,0.0,0.0,0.0],"sampling_period":0.01},{"action_history_size":20,"active_agents":["reflex"],"control_kpis":{"control_cost":0.0,"stability_margin":0.8},"mttr":4.512279491962985,"network_kpis":{"jitter_std":7.436387053539061,"latency_p95":19.753405005087878,"packet_loss":0.1},"num_recoveries":0,"plant_count":2,"recovery_active":false,"system_health":"NORMAL","system_state":[-0.02184445971036514,0.017638480009498775,-0.16283753069887985,0.04836718261953882,-0.14200936291424388,-0.15571949334450355,0.08057696537888381,-0.11756641537895925,-0.11533950179677444,-0.09374979054969185]}
2025-08-27T20:23:50.362Z,dos_attack,{"active":true,"control_input":0.0,"control_type":"lqr","kpis":{"control_cost":0.0,"overshoot":0.1,"settling_time":3.2,"stability_margin":0.8,"steady_state_error":0.05},"lqr_gains":{"K":[[1.0,0.05,10.0,0.2]],"Q":[[10,0,0,0],[0,1,0,0],[0,0,10,0],[0,0,0,1]],"R":0.1},"plant_state":[0.0,0.0,0.0,0.0],"sampling_period":0.01},{"action_history_size":21,"active_agents":["reflex"],"control_kpis":{"control_cost":0.0,"stability_margin":0.8},"mttr":4.621974560401915,"network_kpis":{"jitter_std":6.653965070286536,"latency_p95":18.625332897138833,"packet_loss":0.1},"num_recoveries":0,"plant_count":2,"recovery_active":false,"system_health":"NORMAL","system_state":[0.03765295472535493,0.07719923272475687,-0.1825085038193256,-0.16819846222581433,-0.17608000423367454,0.03527269188352339,-0.07792755914528789,-0.16682048463551485,0.1924546794118625,-0.13680158410717116]}
2025-08-27T20:23:52.699Z,dos_attack,{"active":true,"control_input":0.0,"control_type":"lqr","kpis":{"control_cost":0.0,"overshoot":0.1,"settling_time":3.2,"stability_margin":0.8,"steady_state_error":0.05},"lqr_gains":{"K":[[1.0,0.05,10.0,0.2]],"Q":[[10,0,0,0],[0,1,0,0],[0,0,10,0],[0,0,0,1]],"R":0.1},"plant_state":[0.0,0.0,0.0,0.0],"sampling_period":0.01},{"action_history_size":22,"active_agents":["reflex"],"control_kpis":{"control_cost":0.0,"stability_margin":0.8},"mttr":4.498767065306568,"network_kpis":{"jitter_std":5.432010970437941,"latency_p95":15.040826311428498,"packet_loss":0.1},"num_recoveries":0,"plant_count":2,"recovery_active":false,"system_health":"NORMAL","system_state":[-0.06423523057221145,-0.14898438124794822,-0.12895131752197622,0.023785085311729626,-0.1318141085794819,-0.17852054189178432,0.05756139713067143,-0.0701462520271155,0.08148046992223007,-0.13873648422158477]}
2025-08-27T20:23:55.065Z,dos_attack,{"active":true,"control_input":0.0,"control_type":"lqr","kpis":{"control_cost":0.0,"overshoot":0.1,"settling_time":3.2,"stability_margin":0.8,"steady_state_error":0.05},"lqr_gains":{"K":[[1.0,0.05,10.0,0.2]],"Q":[[10,0,0,0],[0,1,0,0],[0,0,10,0],[0,0,0,1]],"R":0.1},"plant_state":[0.0,0.0,0.0,0.0],"sampling_period":0.01},{"action_history_size":22,"active_agents":["reflex"],"control_kpis":{"control_cost":0.0,"stability_margin":0.8},"mttr":4.498767065306568,"network_kpis":{"jitter_std":5.432010970437941,"latency_p95":15.040826311428498,"packet_loss":0.1},"num_recoveries":0,"plant_count":2,"recovery_active":false,"system_health":"NORMAL","system_state":[0.15613929333664095,0.18118722810176274,0.19729162420479784,-0.11258571169376147,-0.049041818580907004,0.09890505083569834,0.058395512184426124,-0.11813645901838386,-0.03521066980051177,0.17620091471672333]}
2025-08-27T20:23:57.339Z,dos_attack,{"active":true,"control_input":0.0,"control_type":"lqr","kpis":{"control_cost":0.0,"overshoot":0.1,"settling_time":3.2,"stability_margin":0.8,"steady_state_error":0.05},"lqr_gains":{"K":[[1.0,0.05,10.0,0.2]],"Q":[[10,0,0,0],[0,1,0,0],[0,0,10,0],[0,0,0,1]],"R":0.1},"plant_state":[0.0,0.0,0.0,0.0],"sampling_period":0.01},{"action_history_size":23,"active_agents":["reflex"],"control_kpis":{"control_cost":0.0,"stability_margin":0.8},"mttr":4.111339244478396,"network_kpis":{"jitter_std":6.729090649885192,"latency_p95":27.16679344300311,"packet_loss":0.1},"num_recoveries":0,"plant_count":2,"recovery_active":false,"system_health":"NORMAL","system_state":[0.1670212988042145,0.14390720842523103,0.17826541206545715,0.13751459694230866,-0.1295819538098456,0.07677235460179466,-0.12583294045541776,0.09790146878734596,0.07764915764212899,-0.00039835738632829076]}
2025-08-27T20:23:59.378Z,dos_attack,{"active":true,"control_input":0.0,"control_type":"lqr","kpis":{"control_cost":0.0,"overshoot":0.1,"settling_time":3.2,"stability_margin":0.8,"steady_state_error":0.05},"lqr_gains":{"K":[[1.0,0.05,10.0,0.2]],"Q":[[10,0,0,0],[0,1,0,0],[0,0,10,0],[0,0,0,1]],"R":0.1},"plant_state":[0.0,0.0,0.0,0.0],"sampling_period":0.01},{"action_history_size":24,"active_agents":["reflex"],"control_kpis":{"control_cost":0.0,"stability_margin":0.8},"mttr":3.1411405820140406,"network_kpis":{"jitter_std":5.517228036800456,"latency_p95":24.945337388626584,"packet_loss":0.1},"num_recoveries":0,"plant_count":2,"recovery_active":false,"system_health":"NORMAL","system_state":[-0.09886588428120363,0.1639624872957674,0.10056017355706537,-0.13895824833549125,-0.04341577380470213,0.19916087832426427,-0.08897195698711098,-0.07105285999599828,0.009572122710960057,-0.07068443769964391]}
2025-08-27T20:24:01.424Z,dos_attack,{"active":true,"control_input":0.0,"control_type":"lqr","kpis":{"control_cost":0.0,"overshoot":0.1,"settling_time":3.2,"stability_margin":0.8,"steady_state_error":0.05},"lqr_gains":{"K":[[1.0,0.05,10.0,0.2]],"Q":[[10,0,0,0],[0,1,0,0],[0,0,10,0],[0,0,0,1]],"R":0.1},"plant_state":[0.0,0.0,0.0,0.0],"sampling_period":0.01},{"action_history_size":25,"active_agents":["reflex"],"control_kpis":{"control_cost":0.0,"stability_margin":0.8},"mttr":1.920623046218707,"network_kpis":{"jitter_std":6.738342200120096,"latency_p95":18.073689253354193,"packet_loss":0.1},"num_recoveries":0,"plant_count":2,"recovery_active":false,"system_health":"NORMAL","system_state":[-0.1666169436449193,-0.10846166590904045,0.10123725472536121,-0.02665072521255568,0.056870801837170304,-0.1457976646085206,0.11400736087499047,0.12082764726086986,0.12406604407213256,-0.12347000610198872]}
2025-08-27T20:24:03.474Z,dos_attack,{"active":true,"control_input":0.0,"control_type":"lqr","kpis":{"control_cost":0.0,"overshoot":0.1,"settling_time":3.2,"stability_margin":0.8,"steady_state_error":0.05},"lqr_gains":{"K":[[1.0,0.05,10.0,0.2]],"Q":[[10,0,0,0],[0,1,0,0],[0,0,10,0],[0,0,0,1]],"R":0.1},"plant_state":[0.0,0.0,0.0,0.0],"sampling_period":0.01},{"action_history_size":25,"active_agents":["reflex"],"control_kpis":{"control_cost":0.0,"stability_margin":0.8},"mttr":1.920623046218707,"network_kpis":{"jitter_std":6.738342200120096,"latency_p95":18.073689253354193,"packet_loss":0.1},"num_recoveries":0,"plant_count":2,"recovery_active":false,"system_health":"NORMAL","system_state":[0.011420884605301274,-0.08594617716131042,-0.014243039723391165,-0.03126561557195745,-0.02524524684287499,0.18871832867133526,0.06557172021768831,-0.05051846563451687,-0.04385164336181138,-0.047384328944321735]}
2025-08-27T20:24:05.534Z,dos_attack,{"active":true,"control_input":0.0,"control_type":"lqr","kpis":{"control_cost":0.0,"overshoot":0.1,"settling_time":3.2,"stability_margin":0.8,"steady_state_error":0.05},"lqr_gains":{"K":[[1.0,0.05,10.0,0.2]],"Q":[[10,0,0,0],[0,1,0,0],[0,0,10,0],[0,0,0,1]],"R":0.1},"plant_state":[0.0,0.0,0.0,0.0],"sampling_period":0.01},{"action_history_size":26,"active_agents":["reflex"],"control_kpis":{"control_cost":0.0,"stability_margin":0.8},"mttr":3.9992234302354097,"network_kpis":{"jitter_std":3.4588894613947487,"latency_p95":24.817478270563605,"packet_loss":0.1},"num_recoveries":0,"plant_count":2,"recovery_active":false,"system_health":"NORMAL","system_state":[0.16442460097741102,-0.109953261501922,0.1855644647350551,0.13107402561551407,0.1620411541829993,0.07286507547372822,-0.07825295778284605,-0.11497567900685382,-0.07730521001116922,0.19006858702919716]}
2025-08-27T20:24:07.581Z,dos_attack,{"active":true,"control_input":0.0,"control_type":"lqr","kpis":{"control_cost":0.0,"overshoot":0.1,"settling_time":3.2,"stability_margin":0.8,"steady_state_error":0.05},"lqr_gains":{"K":[[1.0,0.05,10.0,0.2]],"Q":[[10,0,0,0],[0,1,0,0],[0,0,10,0],[0,0,0,1]],"R":0.1},"plant_state":[0.0,0.0,0.0,0.0],"sampling_period":0.01},{"action_history_size":27,"active_agents":["reflex"],"control_kpis":{"control_cost":0.0,"stability_margin":0.8},"mttr":3.0391789406331244,"network_kpis":{"jitter_std":7.463160947047454,"latency_p95":19.752995119913578,"packet_loss":0.1},"num_recoveries":0,"plant_count":2,"recovery_active":false,"system_health":"NORMAL","system_state":[-0.016099366804789655,-0.0794481009583533,-0.022824483872344203,0.04034180380973479,0.10397220827269493,0.1278620154377667,-0.06781416689845315,-0.16048156342390982,-0.1969645809124868,0.01304179861185023]}
2025-08-27T20:24:09.624Z,dos_attack,{"active":true,"control_input":0.0,"control_type":"lqr","kpis":{"control_cost":0.0,"overshoot":0.1,"settling_time":3.2,"stability_margin":0.8,"steady_state_error":0.05},"lqr_gains":{"K":[[1.0,0.05,10.0,0.2]],"Q":[[10,0,0,0],[0,1,0,0],[0,0,10,0],[0,0,0,1]],"R":0.1},"plant_state":[0.0,0.0,0.0,0.0],"sampling_period":0.01},{"action_history_size":27,"active_agents":["reflex"],"control_kpis":{"control_cost":0.0,"stability_margin":0.8},"mttr":3.0391789406331244,"network_kpis":{"jitter_std":7.463160947047454,"latency_p95":19.752995119913578,"packet_loss":0.1},"num_recoveries":0,"plant_count":2,"recovery_active":false,"system_health":"NORMAL","system_state":[0.17823012535082372,0.05476140949338498,-0.013654253185402615,0.043269406824246126,-0.18412640692317464,0.07312785483606671,0.19705886497932157,0.06621745859561734,-0.04164270250108143,-0.12751613709106902]}
2025-08-27T20:24:11.650Z,dos_attack,{"active":true,"control_input":0.0,"control_type":"lqr","kpis":{"control_cost":0.0,"overshoot":0.1,"settling_time":3.2,"stability_margin":0.8,"steady_state_error":0.05},"lqr_gains":{"K":[[1.0,0.05,10.0,0.2]],"Q":[[10,0,0,0],[0,1,0,0],[0,0,10,0],[0,0,0,1]],"R":0.1},"plant_state":[0.0,0.0,0.0,0.0],"sampling_period":0.01},{"action_history_size":28,"active_agents":["reflex"],"control_kpis":{"control_cost":0.0,"stability_margin":0.8},"mttr":4.683111326304987,"network_kpis":{"jitter_std":3.0688191261841054,"latency_p95":19.46808213002343,"packet_loss":0.1},"num_recoveries":0,"plant_count":2,"recovery_active":false,"system_health":"NORMAL","system_state":[0.10050106817489252,0.08022102323075408,-0.00934781471895424,-0.12250427727521301,0.18904106557631806,-0.18981346096666196,-0.12560879113414464,-0.14438841037011474,0.13592441634966396,-0.13550909840165284]}
2025-08-27T20:24:13.679Z,dos_attack,{"active":true,"control_input":0.0,"control_type":"lqr","kpis":{"control_cost":0.0,"overshoot":0.1,"settling_time":3.2,"stability_margin":0.8,"steady_state_error":0.05},"lqr_gains":{"K":[[1.0,0.05,10.0,0.2]],"Q":[[10,0,0,0],[0,1,0,0],[0,0,10,0],[0,0,0,1]],"R":0.1},"plant_state":[0.0,0.0,0.0,0.0],"sampling_period":0.01},{"action_history_size":29,"active_agents":["reflex"],"control_kpis":{"control_cost":0.0,"stability_margin":0.8},"mttr":2.2985209789709495,"network_kpis":{"jitter_std":4.806033329519232,"latency_p95":21.830301346004298,"packet_loss":0.1},"num_recoveries":0,"plant_count":2,"recovery_active":false,"system_health":"NORMAL","system_state":[-0.0973816103875071,-0.03219167307135762,0.15581637766297074,-0.0586109394119875,0.14114640025898828,0.19893403319303876,0.19691772315381662,0.06815324476184492,0.05203583752268981,0.03875404394260426]}
2025-08-27T20:24:15.709Z,dos_attack,{"active":true,"control_input":0.0,"control_type":"lqr","kpis":{"control_cost":0.0,"overshoot":0.1,"settling_time":3.2,"stability_margin":0.8,"steady_state_error":0.05},"lqr_gains":{"K":[[1.0,0.05,10.0,0.2]],"Q":[[10,0,0,0],[0,1,0,0],[0,0,10,0],[0,0,0,1]],"R":0.1},"plant_state":[0.0,0.0,0.0,0.0],"sampling_period":0.01},{"action_history_size":29,"active_agents":["reflex"],"control_kpis":{"control_cost":0.0,"stability_margin":0.8},"mttr":2.2985209789709495,"network_kpis":{"jitter_std":4.806033329519232,"latency_p95":21.830301346004298,"packet_loss":0.1},"num_recoveries":0,"plant_count":2,"recovery_active":false,"system_health":"NORMAL","system_state":[-0.11222337300850285,0.19982602057795334,0.042552241970628735,0.16366857585230793,-0.13376329078011465,-0.14376794818397529,0.01458274854532643,-0.09623698370467976,-0.09343398952388715,0.01716964632836926]}
2025-08-27T20:24:17.764Z,dos_attack,{"active":true,"control_input":0.0,"control_type":"lqr","kpis":{"control_cost":0.0,"overshoot":0.1,"settling_time":3.2,"stability_margin":0.8,"steady_state_error":0.05},"lqr_gains":{"K":[[1.0,0.05,10.0,0.2]],"Q":[[10,0,0,0],[0,1,0,0],[0,0,10,0],[0,0,0,1]],"R":0.1},"plant_state":[0.0,0.0,0.0,0.0],"sampling_period":0.01},{"action_history_size":30,"active_agents":["reflex"],"control_kpis":{"control_cost":0.0,"stability_margin":0.8},"mttr":3.9275193765429663,"network_kpis":{"jitter_std":7.091932286476929,"latency_p95":19.541497378723694,"packet_loss":0.1},"num_recoveries":0,"plant_count":2,"recovery_active":false,"system_health":"NORMAL","system_state":[0.09013290135688956,-0.0821188059495249,-0.021115236155305445,0.15855592505663357,-0.05024313369079891,0.008983028627393835,-0.1939122370199201,0.13303760606580756,-0.03836833157043262,0.03451627595293791]}
2025-08-27T20:24:20.069Z,dos_attack,{"active":true,"control_input":0.0,"control_type":"lqr","kpis":{"control_cost":0.0,"overshoot":0.1,"settling_time":3.2,"stability_margin":0.8,"steady_state_error":0.05},"lqr_gains":{"K":[[1.0,0.05,10.0,0.2]],"Q":[[10,0,0,0],[0,1,0,0],[0,0,10,0],[0,0,0,1]],"R":0.1},"plant_state":[0.0,0.0,0.0,0.0],"sampling_period":0.01},{"action_history_size":31,"active_agents":["reflex"],"control_kpis":{"control_cost":0.0,"stability_margin":0.8},"mttr":1.821497610028195,"network_kpis":{"jitter_std":4.490316851244455,"latency_p95":17.12823704740329,"packet_loss":0.1},"num_recoveries":0,"plant_count":2,"recovery_active":false,"system_health":"NORMAL","system_state":[0.06565647448468692,-0.05557148082166505,-0.18111733570508326,0.08409387638915783,0.08868307755025379,0.060261242441033536,0.0607414447173279,-0.1493302380317236,0.14067156198648545,0.10726099678567097]}
2025-08-27T20:24:22.348Z,dos_attack,{"active":true,"control_input":0.0,"control_type":"lqr","kpis":{"control_cost":0.0,"overshoot":0.1,"settling_time":3.2,"stability_margin":0.8,"steady_state_error":0.05},"lqr_gains":{"K":[[1.0,0.05,10.0,0.2]],"Q":[[10,0,0,0],[0,1,0,0],[0,0,10,0],[0,0,0,1]],"R":0.1},"plant_state":[0.0,0.0,0.0,0.0],"sampling_period":0.01},{"action_history_size":31,"active_agents":["reflex"],"control_kpis":{"control_cost":0.0,"stability_margin":0.8},"mttr":1.821497610028195,"network_kpis":{"jitter_std":4.490316851244455,"latency_p95":17.12823704740329,"packet_loss":0.1},"num_recoveries":0,"plant_count":2,"recovery_active":false,"system_health":"NORMAL","system_state":[-0.07615179399371114,-0.17672536558954977,-0.012787237557821879,-0.12467124974214024,-0.08834129879005151,0.1675961399552186,-0.047148203039754366,0.07694706676965163,-0.19127113660856732,-0.1944948196400568]}
2025-08-27T20:24:24.680Z,dos_attack,{"active":true,"control_input":0.0,"control_type":"lqr","kpis":{"control_cost":0.0,"overshoot":0.1,"settling_time":3.2,"stability_margin":0.8,"steady_state_error":0.05},"lqr_gains":{"K":[[1.0,0.05,10.0,0.2]],"Q":[[10,0,0,0],[0,1,0,0],[0,0,10,0],[0,0,0,1]],"R":0.1},"plant_state":[0.0,0.0,0.0,0.0],"sampling_period":0.01},{"action_history_size":32,"active_agents":["reflex"],"control_kpis":{"control_cost":0.0,"stability_margin":0.8},"mttr":4.831221249597518,"network_kpis":{"jitter_std":7.928733563192235,"latency_p95":20.316017299126475,"packet_loss":0.1},"num_recoveries":0,"plant_count":2,"recovery_active":false,"system_health":"NORMAL","system_state":[-0.018448335404905813,0.1202282926398916,0.12025660238792979,0.013925387343824008,-0.19407126949716932,0.14116547451859462,0.005914707179798195,-0.1951588059939534,-0.12317947320425966,0.1930679518878195]}
2025-08-27T20:24:26.756Z,dos_attack,{"active":true,"control_input":0.0,"control_type":"lqr","kpis":{"control_cost":0.0,"overshoot":0.1,"settling_time":3.2,"stability_margin":0.8,"steady_state_error":0.05},"lqr_gains":{"K":[[1.0,0.05,10.0,0.2]],"Q":[[10,0,0,0],[0,1,0,0],[0,0,10,0],[0,0,0,1]],"R":0.1},"plant_state":[0.0,0.0,0.0,0.0],"sampling_period":0.01},{"action_history_size":33,"active_agents":["reflex"],"control_kpis":{"control_cost":0.0,"stability_margin":0.8},"mttr":1.8041003449443602,"network_kpis":{"jitter_std":7.441920993124672,"latency_p95":19.06916474546815,"packet_loss":0.1},"num_recoveries":0,"plant_count":2,"recovery_active":false,"system_health":"NORMAL","system_state":[0.18446077726800308,0.009098315080563857,-0.001580930209678394,-0.024401879576803648,0.04214343366373727,-0.13328203065907734,0.12384475154488866,0.01727132712289073,0.1176656760849451,-0.1349661902109295]}
2025-08-27T20:24:28.793Z,dos_attack,{"active":true,"control_input":0.0,"control_type":"lqr","kpis":{"control_cost":0.0,"overshoot":0.1,"settling_time":3.2,"stability_margin":0.8,"steady_state_error":0.05},"lqr_gains":{"K":[[1.0,0.05,10.0,0.2]],"Q":[[10,0,0,0],[0,1,0,0],[0,0,10,0],[0,0,0,1]],"R":0.1},"plant_state":[0.0,0.0,0.0,0.0],"sampling_period":0.01},{"action_history_size":34,"active_agents":["reflex"],"control_kpis":{"control_cost":0.0,"stability_margin":0.8},"mttr":3.2185222604278305,"network_kpis":{"jitter_std":3.530846159438732,"latency_p95":27.167178409428857,"packet_loss":0.1},"num_recoveries":0,"plant_count":2,"recovery_active":false,"system_health":"NORMAL","system_state":[0.10275450219748555,-0.018961195386927032,-0.08431787925365351,-0.03582396652544881,0.181419759256708,-0.009941155280825453,-0.13949625206549593,0.14764411136495176,0.05289325157769664,-0.030139374047212064]}
2025-08-27T20:24:30.828Z,dos_attack,{"active":true,"control_input":0.0,"control_type":"lqr","kpis":{"control_cost":0.0,"overshoot":0.1,"settling_time":3.2,"stability_margin":0.8,"steady_state_error":0.05},"lqr_gains":{"K":[[1.0,0.05,10.0,0.2]],"Q":[[10,0,0,0],[0,1,0,0],[0,0,10,0],[0,0,0,1]],"R":0.1},"plant_state":[0.0,0.0,0.0,0.0],"sampling_period":0.01},{"action_history_size":34,"active_agents":["reflex"],"control_kpis":{"control_cost":0.0,"stability_margin":0.8},"mttr":3.2185222604278305,"network_kpis":{"jitter_std":3.530846159438732,"latency_p95":27.167178409428857,"packet_loss":0.1},"num_recoveries":0,"plant_count":2,"recovery_active":false,"system_health":"NORMAL","system_state":[-0.03170375479316734,-0.0653309440982541,0.041424027012412046,0.08467352559082297,-0.07245508681043175,-0.017843642695572814,0.13611980523809247,0.011528932378384565,0.07083469980737978,0.015408617528602397]}
2025-08-27T20:24:32.867Z,dos_attack,{"active":true,"control_input":0.0,"control_type":"lqr","kpis":{"control_cost":0.0,"overshoot":0.1,"settling_time":3.2,"stability_margin":0.8,"steady_state_error":0.05},"lqr_gains":{"K":[[1.0,0.05,10.0,0.2]],"Q":[[10,0,0,0],[0,1,0,0],[0,0,10,0],[0,0,0,1]],"R":0.1},"plant_state":[0.0,0.0,0.0,0.0],"sampling_period":0.01},{"action_history_size":35,"active_agents":["reflex"],"control_kpis":{"control_cost":0.0,"stability_margin":0.8},"mttr":4.8716295015257485,"network_kpis":{"jitter_std":6.7923991219433795,"latency_p95":28.304567013219554,"packet_loss":0.1},"num_recoveries":0,"plant_count":2,"recovery_active":false,"system_health":"NORMAL","system_state":[0.12529004457947213,-0.007040280647182262,-0.020743508546770206,-0.04073223679552532,-0.023507825727154097,0.1263221490929557,0.02092772238925028,-0.021399858484228818,-0.08247281546695602,0.08659784114634056]}
2025-08-27T20:24:34.916Z,dos_attack,{"active":true,"control_input":0.0,"control_type":"lqr","kpis":{"control_cost":0.0,"overshoot":0.1,"settling_time":3.2,"stability_margin":0.8,"steady_state_error":0.05},"lqr_gains":{"K":[[1.0,0.05,10.0,0.2]],"Q":[[10,0,0,0],[0,1,0,0],[0,0,10,0],[0,0,0,1]],"R":0.1},"plant_state":[0.0,0.0,0.0,0.0],"sampling_period":0.01},{"action_history_size":36,"active_agents":["reflex"],"control_kpis":{"control_cost":0.0,"stability_margin":0.8},"mttr":1.2528310010469346,"network_kpis":{"jitter_std":3.9092853404429606,"latency_p95":15.147377199014297,"packet_loss":0.1},"num_recoveries":0,"plant_count":2,"recovery_active":false,"system_health":"NORMAL","system_state":[0.08759806122597641,-0.12931475413154284,-0.09511692066142166,-0.13016949269050043,-0.026740224542765118,-0.18805797151691683,0.15571938740272623,-0.07056842743689348,0.11081294217000198,0.005392331823268565]}
2025-08-27T20:24:37.184Z,dos_attack,{"active":true,"control_input":0.0,"control_type":"lqr","kpis":{"control_cost":0.0,"overshoot":0.1,"settling_time":3.2,"stability_margin":0.8,"steady_state_error":0.05},"lqr_gains":{"K":[[1.0,0.05,10.0,0.2]],"Q":[[10,0,0,0],[0,1,0,0],[0,0,10,0],[0,0,0,1]],"R":0.1},"plant_state":[0.0,0.0,0.0,0.0],"sampling_period":0.01},{"action_history_size":36,"active_agents":["reflex"],"control_kpis":{"control_cost":0.0,"stability_margin":0.8},"mttr":1.2528310010469346,"network_kpis":{"jitter_std":3.9092853404429606,"latency_p95":15.147377199014297,"packet_loss":0.1},"num_recoveries":0,"plant_count":2,"recovery_active":false,"system_health":"NORMAL","system_state":[0.1543319687226033,-0.12294938365864612,0.19715881106810113,-0.05868780768417206,-0.03224460136622534,-0.12347131698960734,0.0757107429932729,-0.13904958011891974,0.013007430978235368,0.002178485419876003]}
2025-08-27T20:24:39.442Z,dos_attack,{"active":true,"control_input":0.0,"control_type":"lqr","kpis":{"control_cost":0.0,"overshoot":0.1,"settling_time":3.2,"stability_margin":0.8,"steady_state_error":0.05},"lqr_gains":{"K":[[1.0,0.05,10.0,0.2]],"Q":[[10,0,0,0],[0,1,0,0],[0,0,10,0],[0,0,0,1]],"R":0.1},"plant_state":[0.0,0.0,0.0,0.0],"sampling_period":0.01},{"action_history_size":37,"active_agents":["reflex"],"control_kpis":{"control_cost":0.0,"stability_margin":0.8},"mttr":1.4130090052225563,"network_kpis":{"jitter_std":5.5589463855901196,"latency_p95":22.606037133019427,"packet_loss":0.1},"num_recoveries":0,"plant_count":2,"recovery_active":false,"system_health":"NORMAL","system_state":[-0.09017862528381954,0.147837525037535,0.13347645101178468,0.10915074746399622,-0.19638845844576125,0.09903379529714751,-0.12694595386445534,0.19529561559955544,0.12666060637020926,-0.15422206838285568]}
2025-08-27T20:24:41.768Z,dos_attack,{"active":true,"control_input":0.0,"control_type":"lqr","kpis":{"control_cost":0.0,"overshoot":0.1,"settling_time":3.2,"stability_margin":0.8,"steady_state_error":0.05},"lqr_gains":{"K":[[1.0,0.05,10.0,0.2]],"Q":[[10,0,0,0],[0,1,0,0],[0,0,10,0],[0,0,0,1]],"R":0.1},"plant_state":[0.0,0.0,0.0,0.0],"sampling_period":0.01},{"action_history_size":38,"active_agents":["reflex"],"control_kpis":{"control_cost":0.0,"stability_margin":0.8},"mttr":2.2150706580003963,"network_kpis":{"jitter_std":7.175838793199869,"latency_p95":20.25691767805641,"packet_loss":0.1},"num_recoveries":0,"plant_count":2,"recovery_active":false,"system_health":"NORMAL","system_state":[-0.07144793339467834,0.19827453646643128,-0.1511934501597439,-0.17840670322620703,0.05834220283837449,-0.1006561969811291,0.14750333617411626,0.16845149846338292,0.17144239288702567,0.017077234592205143]}
2025-08-27T20:24:43.813Z,dos_attack,{"active":true,"control_input":0.0,"control_type":"lqr","kpis":{"control_cost":0.0,"overshoot":0.1,"settling_time":3.2,"stability_margin":0.8,"steady_state_error":0.05},"lqr_gains":{"K":[[1.0,0.05,10.0,0.2]],"Q":[[10,0,0,0],[0,1,0,0],[0,0,10,0],[0,0,0,1]],"R":0.1},"plant_state":[0.0,0.0,0.0,0.0],"sampling_period":0.01},{"action_history_size":39,"active_agents":["reflex"],"control_kpis":{"control_cost":0.0,"stability_margin":0.8},"mttr":4.9126407099446565,"network_kpis":{"jitter_std":6.897255284406064,"latency_p95":29.04957666169326,"packet_loss":0.1},"num_recoveries":0,"plant_count":2,"recovery_active":false,"system_health":"NORMAL","system_state":[-0.04914659335000099,-0.1575322900324118,0.0390770861308693,-0.01441445123928492,-0.15074949200930027,0.0491427657119842,0.16568432288560947,-0.19244128286940107,0.05856455797972704,0.08446712536205209]}
2025-08-27T20:24:45.844Z,dos_attack,{"active":true,"control_input":0.0,"control_type":"lqr","kpis":{"control_cost":0.0,"overshoot":0.1,"settling_time":3.2,"stability_margin":0.8,"steady_state_error":0.05},"lqr_gains":{"K":[[1.0,0.05,10.0,0.2]],"Q":[[10,0,0,0],[0,1,0,0],[0,0,10,0],[0,0,0,1]],"R":0.1},"plant_state":[0.0,0.0,0.0,0.0],"sampling_period":0.01},{"action_history_size":39,"active_agents":["reflex"],"control_kpis":{"control_cost":0.0,"stability_margin":0.8},"mttr":4.9126407099446565,"network_kpis":{"jitter_std":6.897255284406064,"latency_p95":29.04957666169326,"packet_loss":0.1},"num_recoveries":0,"plant_count":2,"recovery_active":false,"system_health":"NORMAL","system_state":[0.10616247286172004,0.08491792182670899,0.03918830370612336,-0.15945513853946874,0.011937115024492406,-0.07089306044263508,-0.16579318741712418,0.006937485349413575,-0.1447253493827063,-0.07292218518759594]}
2025-08-27T20:24:47.886Z,dos_attack,{"active":true,"control_input":0.0,"control_type":"lqr","kpis":{"control_cost":0.0,"overshoot":0.1,"settling_time":3.2,"stability_margin":0.8,"steady_state_error":0.05},"lqr_gains":{"K":[[1.0,0.05,10.0,0.2]],"Q":[[10,0,0,0],[0,1,0,0],[0,0,10,0],[0,0,0,1]],"R":0.1},"plant_state":[0.0,0.0,0.0,0.0],"sampling_period":0.01},{"action_history_size":40,"active_agents":["reflex"],"control_kpis":{"control_cost":0.0,"stability_margin":0.8},"mttr":4.704967566478249,"network_kpis":{"jitter_std":2.518814247222007,"latency_p95":23.91426639402973,"packet_loss":0.1},"num_recoveries":0,"plant_count":2,"recovery_active":false,"system_health":"NORMAL","system_state":[0.07907227203763573,-0.06477805346963153,-0.008029027373022662,0.1925422726963098,0.12468446182540432,0.02472860493169557,0.14024457211190422,0.0754220466638238,-0.04680010301703344,-0.08312343051256153]}
2025-08-27T20:24:49.916Z,dos_attack,{"active":true,"control_input":0.0,"control_type":"lqr","kpis":{"control_cost":0.0,"overshoot":0.1,"settling_time":3.2,"stability_margin":0.8,"steady_state_error":0.05},"lqr_gains":{"K":[[1.0,0.05,10.0,0.2]],"Q":[[10,0,0,0],[0,1,0,0],[0,0,10,0],[0,0,0,1]],"R":0.1},"plant_state":[0.0,0.0,0.0,0.0],"sampling_period":0.01},{"action_history_size":41,"active_agents":["reflex"],"control_kpis":{"control_cost":0.0,"stability_margin":0.8},"mttr":3.2130661765894906,"network_kpis":{"jitter_std":2.0727435794818825,"latency_p95":28.968116345922446,"packet_loss":0.1},"num_recoveries":0,"plant_count":2,"recovery_active":false,"system_health":"NORMAL","system_state":[-0.10931285993818247,0.14470437389394347,0.11440490507269424,-0.12913905217379773,0.1168880377787977,-0.11606205428141753,-0.16248324090168365,-0.1505757967672528,0.19472773437461982,0.13989921426769508]}
2025-08-27T20:24:51.946Z,dos_attack,{"active":true,"control_input":0.0,"control_type":"lqr","kpis":{"control_cost":0.0,"overshoot":0.1,"settling_time":3.2,"stability_margin":0.8,"steady_state_error":0.05},"lqr_gains":{"K":[[1.0,0.05,10.0,0.2]],"Q":[[10,0,0,0],[0,1,0,0],[0,0,10,0],[0,0,0,1]],"R":0.1},"plant_state":[0.0,0.0,0.0,0.0],"sampling_period":0.01},{"action_history_size":41,"active_agents":["reflex"],"control_kpis":{"control_cost":0.0,"stability_margin":0.8},"mttr":3.2130661765894906,"network_kpis":{"jitter_std":2.0727435794818825,"latency_p95":28.968116345922446,"packet_loss":0.1},"num_recoveries":0,"plant_count":2,"recovery_active":false,"system_health":"NORMAL","system_state":[0.04276506804008853,0.09744126897430905,-0.0897629256770455,-0.17030701855434321,0.11991470378832664,0.16161398764722923,-0.14065720011658228,-0.14400251699912509,-0.03501369795138082,0.0059910161912787585]}
2025-08-27T20:24:53.995Z,dos_attack,{"active":true,"control_input":0.0,"control_type":"lqr","kpis":{"control_cost":0.0,"overshoot":0.1,"settling_time":3.2,"stability_margin":0.8,"steady_state_error":0.05},"lqr_gains":{"K":[[1.0,0.05,10.0,0.2]],"Q":[[10,0,0,0],[0,1,0,0],[0,0,10,0],[0,0,0,1]],"R":0.1},"plant_state":[0.0,0.0,0.0,0.0],"sampling_period":0.01},{"action_history_size":42,"active_agents":["reflex"],"control_kpis":{"control_cost":0.0,"stability_margin":0.8},"mttr":4.671235459657742,"network_kpis":{"jitter_std":2.272077648460983,"latency_p95":25.41839064767405,"packet_loss":0.1},"num_recoveries":0,"plant_count":2,"recovery_active":false,"system_health":"NORMAL","system_state":[-0.07071098650609714,-0.09314342981579729,-0.00018203756814597072,-0.07444426820633673,-0.10770613406832169,-0.19351226318531914,0.002511191249096323,-0.11414310457450356,0.07689437815839006,-0.019319992138927933]}
2025-08-27T20:24:56.031Z,dos_attack,{"active":true,"control_input":0.0,"control_type":"lqr","kpis":{"control_cost":0.0,"overshoot":0.1,"settling_time":3.2,"stability_margin":0.8,"steady_state_error":0.05},"lqr_gains":{"K":[[1.0,0.05,10.0,0.2]],"Q":[[10,0,0,0],[0,1,0,0],[0,0,10,0],[0,0,0,1]],"R":0.1},"plant_state":[0.0,0.0,0.0,0.0],"sampling_period":0.01},{"action_history_size":43,"active_agents":["reflex"],"control_kpis":{"control_cost":0.0,"stability_margin":0.8},"mttr":1.727956906517981,"network_kpis":{"jitter_std":5.4047148801743115,"latency_p95":22.719155941579555,"packet_loss":0.1},"num_recoveries":0,"plant_count":2,"recovery_active":false,"system_health":"NORMAL","system_state":[0.04655335845026162,-0.19899926918042055,0.16352950866757637,-0.09025359746894379,-0.010258882773031136,0.14670495443604803,-0.07535164574149289,-0.09840436777715632,0.09109402761505614,0.1693993690413061]}
2025-08-27T20:24:58.061Z,dos_attack,{"active":true,"control_input":0.0,"control_type":"lqr","kpis":{"control_cost":0.0,"overshoot":0.1,"settling_time":3.2,"stability_margin":0.8,"steady_state_error":0.05},"lqr_gains":{"K":[[1.0,0.05,10.0,0.2]],"Q":[[10,0,0,0],[0,1,0,0],[0,0,10,0],[0,0,0,1]],"R":0.1},"plant_state":[0.0,0.0,0.0,0.0],"sampling_period":0.01},{"action_history_size":43,"active_agents":["reflex"],"control_kpis":{"control_cost":0.0,"stability_margin":0.8},"mttr":1.727956906517981,"network_kpis":{"jitter_std":5.4047148801743115,"latency_p95":22.719155941579555,"packet_loss":0.1},"num_recoveries":0,"plant_count":2,"recovery_active":false,"system_health":"NORMAL","system_state":[0.025230044321223666,-0.1027700074835682,0.06281299314877681,0.12689058120317148,0.05009813848544098,-0.15812921157062437,0.10136963705532093,-0.07691040759942842,0.06865157625122942,-0.007832492807197111]}
2025-08-27T20:25:00.094Z,dos_attack,{"active":true,"control_input":0.0,"control_type":"lqr","kpis":{"control_cost":0.0,"overshoot":0.1,"settling_time":3.2,"stability_margin":0.8,"steady_state_error":0.05},"lqr_gains":{"K":[[1.0,0.05,10.0,0.2]],"Q":[[10,0,0,0],[0,1,0,0],[0,0,10,0],[0,0,0,1]],"R":0.1},"plant_state":[0.0,0.0,0.0,0.0],"sampling_period":0.01},{"action_history_size":44,"active_agents":["reflex"],"control_kpis":{"control_cost":0.0,"stability_margin":0.8},"mttr":1.7832217240428778,"network_kpis":{"jitter_std":4.789587018357605,"latency_p95":19.30771299944688,"packet_loss":0.1},"num_recoveries":0,"plant_count":2,"recovery_active":false,"system_health":"NORMAL","system_state":[0.04802440485596543,0.08410396464921832,-0.09419592171287566,-0.08710833682455262,-0.043317901519647595,0.16724146700292986,-0.18152501819875397,0.08433990780085043,0.06413428433895718,0.15434711550231978]}
2025-08-27T20:25:02.138Z,dos_attack,{"active":true,"control_input":0.0,"control_type":"lqr","kpis":{"control_cost":0.0,"overshoot":0.1,"settling_time":3.2,"stability_margin":0.8,"steady_state_error":0.05},"lqr_gains":{"K":[[1.0,0.05,10.0,0.2]],"Q":[[10,0,0,0],[0,1,0,0],[0,0,10,0],[0,0,0,1]],"R":0.1},"plant_state":[0.0,0.0,0.0,0.0],"sampling_period":0.01},{"action_history_size":45,"active_agents":["reflex"],"control_kpis":{"control_cost":0.0,"stability_margin":0.8},"mttr":2.2656043183537533,"network_kpis":{"jitter_std":3.889946248201414,"latency_p95":16.647072352304306,"packet_loss":0.1},"num_recoveries":0,"plant_count":2,"recovery_active":false,"system_health":"NORMAL","system_state":[-0.05617146708860607,-0.1417183494258949,-0.072864051805933,-0.058185244191111485,0.15907097071631582,0.010655543399501255,-0.12004757417989978,-0.07611271644918954,-0.07436756910052061,-0.015281977596543955]}
2025-08-27T20:25:04.183Z,dos_attack,{"active":true,"control_input":0.0,"control_type":"lqr","kpis":{"control_cost":0.0,"overshoot":0.1,"settling_time":3.2,"stability_margin":0.8,"steady_state_error":0.05},"lqr_gains":{"K":[[1.0,0.05,10.0,0.2]],"Q":[[10,0,0,0],[0,1,0,0],[0,0,10,0],[0,0,0,1]],"R":0.1},"plant_state":[0.0,0.0,0.0,0.0],"sampling_period":0.01},{"action_history_size":45,"active_agents":["reflex"],"control_kpis":{"control_cost":0.0,"stability_margin":0.8},"mttr":2.2656043183537533,"network_kpis":{"jitter_std":3.889946248201414,"latency_p95":16.647072352304306,"packet_loss":0.1},"num_recoveries":0,"plant_count":2,"recovery_active":false,"system_health":"NORMAL","system_state":[-0.038394205085048816,0.0805857335245811,-0.1148576715821828,-0.10631325504388199,-0.09731679250478109,-0.16031059681742918,0.12178911286174271,0.04706567266163417,0.060961219718779824,0.12245228993239482]}
2025-08-27T20:25:06.229Z,dos_attack,{"active":true,"control_input":0.0,"control_type":"lqr","kpis":{"control_cost":0.0,"overshoot":0.1,"settling_time":3.2,"stability_margin":0.8,"steady_state_error":0.05},"lqr_gains":{"K":[[1.0,0.05,10.0,0.2]],"Q":[[10,0,0,0],[0,1,0,0],[0,0,10,0],[0,0,0,1]],"R":0.1},"plant_state":[0.0,0.0,0.0,0.0],"sampling_period":0.01},{"action_history_size":46,"active_agents":["reflex"],"control_kpis":{"control_cost":0.0,"stability_margin":0.8},"mttr":3.434675599084176,"network_kpis":{"jitter_std":5.305273781100146,"latency_p95":15.144735855466688,"packet_loss":0.1},"num_recoveries":0,"plant_count":2,"recovery_active":false,"system_health":"NORMAL","system_state":[0.0009692145932254093,-0.036504961635436484,0.07322932615902389,-0.01834988300042123,-0.1339972711381296,0.18714776205212175,0.16593419846391977,-0.05415383818626923,-0.02483248676519509,0.1753716745404858]}
2025-08-27T20:25:08.263Z,dos_attack,{"active":true,"control_input":0.0,"control_type":"lqr","kpis":{"control_cost":0.0,"overshoot":0.1,"settling_time":3.2,"stability_margin":0.8,"steady_state_error":0.05},"lqr_gains":{"K":[[1.0,0.05,10.0,0.2]],"Q":[[10,0,0,0],[0,1,0,0],[0,0,10,0],[0,0,0,1]],"R":0.1},"plant_state":[0.0,0.0,0.0,0.0],"sampling_period":0.01},{"action_history_size":47,"active_agents":["reflex"],"control_kpis":{"control_cost":0.0,"stability_margin":0.8},"mttr":4.651774373377972,"network_kpis":{"jitter_std":4.907667849995912,"latency_p95":23.026952251383413,"packet_loss":0.1},"num_recoveries":0,"plant_count":2,"recovery_active":false,"system_health":"NORMAL","system_state":[0.06364593740414137,-0.06622639883687495,0.09564650919805912,0.17152517859476252,0.19196837506736636,-0.005185150178105641,0.1912103658758903,0.07212354545866717,0.02868419454996421,-0.10542474880244988]}
2025-08-27T20:25:10.310Z,dos_attack,{"active":true,"control_input":0.0,"control_type":"lqr","kpis":{"control_cost":0.0,"overshoot":0.1,"settling_time":3.2,"stability_margin":0.8,"steady_state_error":0.05},"lqr_gains":{"K":[[1.0,0.05,10.0,0.2]],"Q":[[10,0,0,0],[0,1,0,0],[0,0,10,0],[0,0,0,1]],"R":0.1},"plant_state":[0.0,0.0,0.0,0.0],"sampling_period":0.01},{"action_history_size":47,"active_agents":["reflex"],"control_kpis":{"control_cost":0.0,"stability_margin":0.8},"mttr":4.651774373377972,"network_kpis":{"jitter_std":4.907667849995912,"latency_p95":23.026952251383413,"packet_loss":0.1},"num_recoveries":0,"plant_count":2,"recovery_active":false,"system_health":"NORMAL","system_state":[0.05812306575850168,-0.015103637250043628,0.004995891786475332,0.06270083729066805,-0.08706497321741047,0.06639730453531645,-0.11950196316151258,-0.04243751510132032,-0.06219670631662466,0.18706205871357795]}
2025-08-27T20:25:12.347Z,dos_attack,{"active":true,"control_input":0.0,"control_type":"lqr","kpis":{"control_cost":0.0,"overshoot":0.1,"settling_time":3.2,"stability_margin":0.8,"steady_state_error":0.05},"lqr_gains":{"K":[[1.0,0.05,10.0,0.2]],"Q":[[10,0,0,0],[0,1,0,0],[0,0,10,0],[0,0,0,1]],"R":0.1},"plant_state":[0.0,0.0,0.0,0.0],"sampling_period":0.01},{"action_history_size":48,"active_agents":["reflex"],"control_kpis":{"control_cost":0.0,"stability_margin":0.8},"mttr":1.7426924817382843,"network_kpis":{"jitter_std":6.110435292027567,"latency_p95":27.40936275967709,"packet_loss":0.1},"num_recoveries":0,"plant_count":2,"recovery_active":false,"system_health":"NORMAL","system_state":[0.10718800257385758,0.07920980835140379,-0.02917457683606245,0.14407084204320436,-0.13945413557076225,0.18127571000735204,-0.14845014651999466,-0.07743144778062586,0.13906189395788687,0.006664855890373911]}
2025-08-27T20:25:14.384Z,dos_attack,{"active":true,"control_input":0.0,"control_type":"lqr","kpis":{"control_cost":0.0,"overshoot":0.1,"settling_time":3.2,"stability_margin":0.8,"steady_state_error":0.05},"lqr_gains":{"K":[[1.0,0.05,10.0,0.2]],"Q":[[10,0,0,0],[0,1,0,0],[0,0,10,0],[0,0,0,1]],"R":0.1},"plant_state":[0.0,0.0,0.0,0.0],"sampling_period":0.01},{"action_history_size":49,"active_agents":["reflex"],"control_kpis":{"control_cost":0.0,"stability_margin":0.8},"mttr":4.023434561806046,"network_kpis":{"jitter_std":7.010043149434398,"latency_p95":26.65603998402915,"packet_loss":0.1},"num_recoveries":0,"plant_count":2,"recovery_active":false,"system_health":"NORMAL","system_state":[-0.16126258706727523,-0.08178724200642624,-0.1448127972865254,-0.15833104972533857,-0.03206864647251226,0.12555354690534898,0.15849580961522908,-0.17266260534843672,-0.08359826953273602,0.018039140858235075]}
2025-08-27T20:25:16.431Z,dos_attack,{"active":true,"control_input":0.0,"control_type":"lqr","kpis":{"control_cost":0.0,"overshoot":0.1,"settling_time":3.2,"stability_margin":0.8,"steady_state_error":0.05},"lqr_gains":{"K":[[1.0,0.05,10.0,0.2]],"Q":[[10,0,0,0],[0,1,0,0],[0,0,10,0],[0,0,0,1]],"R":0.1},"plant_state":[0.0,0.0,0.0,0.0],"sampling_period":0.01},{"action_history_size":49,"active_agents":["reflex"],"control_kpis":{"control_cost":0.0,"stability_margin":0.8},"mttr":4.023434561806046,"network_kpis":{"jitter_std":7.010043149434398,"latency_p95":26.65603998402915,"packet_loss":0.1},"num_recoveries":0,"plant_count":2,"recovery_active":false,"system_health":"NORMAL","system_state":[0.011997513230549928,0.02059989007172494,0.19955668573177138,0.03663524192327455,-0.1557563535225593,0.18507914664226627,0.04053705211309416,-0.051731879011814946,0.10899674890985306,-0.006693813156582629]}
2025-08-27T20:25:18.475Z,dos_attack,{"active":true,"control_input":0.0,"control_type":"lqr","kpis":{"control_cost":0.0,"overshoot":0.1,"settling_time":3.2,"stability_margin":0.8,"steady_state_error":0.05},"lqr_gains":{"K":[[1.0,0.05,10.0,0.2]],"Q":[[10,0,0,0],[0,1,0,0],[0,0,10,0],[0,0,0,1]],"R":0.1},"plant_state":[0.0,0.0,0.0,0.0],"sampling_period":0.01},{"action_history_size":50,"active_agents":["reflex"],"control_kpis":{"control_cost":0.0,"stability_margin":0.8},"mttr":4.275849812637693,"network_kpis":{"jitter_std":6.372622622309586,"latency_p95":25.17020772374832,"packet_loss":0.1},"num_recoveries":0,"plant_count":2,"recovery_active":false,"system_health":"NORMAL","system_state":[0.06018880567148105,-0.10741271438610492,0.011329835710347569,-0.045533906357806464,-0.19223825478144008,-0.1453440827148391,0.05723985220467509,-0.051342349331945286,-0.09525298171017696,0.10413299781752605]}
2025-08-27T20:25:20.509Z,dos_attack,{"active":true,"control_input":0.0,"control_type":"lqr","kpis":{"control_cost":0.0,"overshoot":0.1,"settling_time":3.2,"stability_margin":0.8,"steady_state_error":0.05},"lqr_gains":{"K":[[1.0,0.05,10.0,0.2]],"Q":[[10,0,0,0],[0,1,0,0],[0,0,10,0],[0,0,0,1]],"R":0.1},"plant_state":[0.0,0.0,0.0,0.0],"sampling_period":0.01},{"action_history_size":51,"active_agents":["reflex"],"control_kpis":{"control_cost":0.0,"stability_margin":0.8},"mttr":3.2313276824622315,"network_kpis":{"jitter_std":2.477567305772802,"latency_p95":24.35251097107627,"packet_loss":0.1},"num_recoveries":0,"plant_count":2,"recovery_active":false,"system_health":"NORMAL","system_state":[-0.13597421280438438,-0.08346936259153913,-0.024821703362253006,0.03859141297565091,0.030069560104598075,0.10804523127066651,-0.0943232750191338,0.10921977735723776,-0.08445611269560725,-0.1584234305172396]}
2025-08-27T20:25:22.570Z,dos_attack,{"active":true,"control_input":0.0,"control_type":"lqr","kpis":{"control_cost":0.0,"overshoot":0.1,"settling_time":3.2,"stability_margin":0.8,"steady_state_error":0.05},"lqr_gains":{"K":[[1.0,0.05,10.0,0.2]],"Q":[[10,0,0,0],[0,1,0,0],[0,0,10,0],[0,0,0,1]],"R":0.1},"plant_state":[0.0,0.0,0.0,0.0],"sampling_period":0.01},{"action_history_size":51,"active_agents":["reflex"],"control_kpis":{"control_cost":0.0,"stability_margin":0.8},"mttr":3.2313276824622315,"network_kpis":{"jitter_std":2.477567305772802,"latency_p95":24.35251097107627,"packet_loss":0.1},"num_recoveries":0,"plant_count":2,"recovery_active":false,"system_health":"NORMAL","system_state":[0.18239989565498532,0.0019661631923217904,0.06888552754641963,0.190010725890997,0.1499801741101645,-0.18954186682201654,0.10256994836131861,-0.03242742881395047,-0.10243534844017109,-0.08194594663582669]}
